 <!--
    Licensed to the Apache Software Foundation (ASF) under one or more
    contributor license agreements.  See the NOTICE file distributed with
    this work for additional information regarding copyright ownership.
    The ASF licenses this file to You under the Apache License, Version 2.0
    (the "License"); you may not use this file except in compliance with
    the License.  You may obtain a copy of the License at
   
    http://www.apache.org/licenses/LICENSE-2.0
   
    Unless required by applicable law or agreed to in writing, software
    distributed under the License is distributed on an "AS IS" BASIS,
    WITHOUT WARRANTIES OR CONDITIONS OF ANY KIND, either express or implied.
    See the License for the specific language governing permissions and
    limitations under the License.
-->
<!-- 

    Lets deploy some Enterprise Integration Patterns inside the ActiveMQ Message Broker
    For more information, see:
    
    http://camel.apache.org
    
    Include this file in your configuration to enable Camel
    
    e.g. <import resource="camel.xml"/>
    
-->
<beans
   xmlns="http://www.springframework.org/schema/beans"  
   xmlns:xsi="http://www.w3.org/2001/XMLSchema-instance"
   xsi:schemaLocation="http://camel.apache.org/schema/spring http://camel.apache.org/schema/spring/camel-spring.xsd
   http://www.springframework.org/schema/beans http://www.springframework.org/schema/beans/spring-beans.xsd">
  
  	<camelContext id="camel" xmlns="http://camel.apache.org/schema/spring">

        <!-- You can use a <packages> element for each root package to search for Java routes -->
        <packageScan>
           <package>org.foo.bar</package>
        </packageScan>

        <!-- You can use Spring XML syntax to define the routes here using the <route> element -->
        <route>
            <description>Example Camel Route</description>
            <from uri="activemq:example.A"/>
            <to uri="activemq:example.B"/>
        </route>
    </camelContext>

    <!--
       Lets configure some Camel endpoints
    
       http://camel.apache.org/components.html
    -->

    <!-- configure the camel activemq component to use the current broker -->
    <bean id="activemq" class="org.apache.activemq.camel.component.ActiveMQComponent" >
        <property name="connectionFactory">
          <bean class="org.apache.activemq.ActiveMQConnectionFactory">
            <property name="brokerURL" value="vm://localhost?create=false&amp;waitForStart=10000" />
            <property name="userName" value="${activemq.username}"/>
            <property name="password" value="${activemq.password}"/>
          </bean>
        </property>
    </bean>
</beans>
