<?xml version="1.0" encoding="UTF-8" ?>
<!--
    Licensed to the Apache Software Foundation (ASF) under one or more
    contributor license agreements.  See the NOTICE file distributed with
    this work for additional information regarding copyright ownership.
    The ASF licenses this file to You under the Apache License, Version 2.0
    (the "License"); you may not use this file except in compliance with
    the License.  You may obtain a copy of the License at
   
    http://www.apache.org/licenses/LICENSE-2.0
   
    Unless required by applicable law or agreed to in writing, software
    distributed under the License is distributed on an "AS IS" BASIS,
    WITHOUT WARRANTIES OR CONDITIONS OF ANY KIND, either express or implied.
    See the License for the specific language governing permissions and
    limitations under the License.
-->
<beans xmlns="http://www.springframework.org/schema/beans" xmlns:xsi="http://www.w3.org/2001/XMLSchema-instance"
     xsi:schemaLocation="http://www.springframework.org/schema/beans http://www.springframework.org/schema/beans/spring-beans-2.0.xsd">
     
     
  <import resource="webconsole-query.xml"/>
     
  <!-- Allows us to use system properties as variables in this configuration file -->
  <bean class="org.springframework.beans.factory.config.PropertyPlaceholderConfigurer">
      <property name="locations">
          <value>file:${activemq.base}/conf/credentials.properties</value>
      </property>      
  </bean> 
  
  <!-- use the following bean for a local in-JVM broker -->
  <bean id="brokerQuery" class="org.apache.activemq.web.SingletonBrokerFacade" autowire="constructor" scope="prototype"/>


  <bean id="sessionPool" class="org.apache.activemq.web.SessionPool">
  	<property name="connectionFactory" ref="connectionFactory"/>
  </bean>

  <bean id="connectionFactory" class="org.apache.activemq.ActiveMQConnectionFactory">
    <property name="brokerURL" value="vm://localhost"/>
    <property name="userName" value="${activemq.username}"/>
    <property name="password" value="${activemq.password}"/>    
  </bean>

</beans>
